<?xml version="1.0" encoding="UTF-8"?>
<project-private xmlns="http://www.netbeans.org/ns/project-private/1">
    <editor-bookmarks xmlns="http://www.netbeans.org/ns/editor-bookmarks/2" lastBookmarkId="0"/>
    <open-files xmlns="http://www.netbeans.org/ns/projectui-open-files/2">
        <group>
            <file>file:/C:/Users/josee/OneDrive/Documentos/NetBeansProjects/21130883_EDD_Proyecto1T1/src/Formularios/Formulario1.java</file>
            <file>file:/C:/Users/josee/OneDrive/Documentos/NetBeansProjects/21130883_EDD_Proyecto1T1/src/Clases/Figura.java</file>
            <file>file:/C:/Users/josee/OneDrive/Documentos/NetBeansProjects/21130883_EDD_Proyecto1T1/src/Clases/metodosFigura.java</file>
        </group>
    </open-files>
</project-private>
